FIPS,FIPSTEXT,FarmLand_Ac
1001,01001,111471
1003,01003,192304
1005,01005,204471
1007,01007,56171
1009,01009,146091
1011,01011,164620
1013,01013,88497
1015,01015,81431
1017,01017,96208
1019,01019,124396
1021,01021,91346
1023,01023,68400
1025,01025,47555
1027,01027,77694
1029,01029,50185
1031,01031,202066
1033,01033,152848
1035,01035,93587
1037,01037,35826
1039,01039,208399
1041,01041,129761
1043,01043,194217
1045,01045,129643
1047,01047,254936
1049,01049,229275
1051,01051,90243
1053,01053,107062
1055,01055,85988
1057,01057,81147
1059,01059,150517
1061,01061,218758
1063,01063,120501
1065,01065,160326
1067,01067,169693
1069,01069,197799
1071,01071,231810
1073,01073,39113
1075,01075,82453
1077,01077,211699
1079,01079,244004
1081,01081,59103
1083,01083,246559
1085,01085,217637
1087,01087,103254
1089,01089,209315
1091,01091,165681
1093,01093,113549
1095,01095,162963
1097,01097,88910
1099,01099,140478
1101,01101,220119
1103,01103,152401
1105,01105,157056
1107,01107,102669
1109,01109,167318
1111,01111,114066
1113,01113,117355
1115,01115,67538
1117,01117,58306
1119,01119,240056
1121,01121,99966
1123,01123,60990
1125,01125,86226
1127,01127,54674
1129,01129,95404
1131,01131,119408
1133,01133,58061
2010,02010,#N/A
2020,02020,1092
2090,02090,4691
2110,02110,0
2122,02122,30765
4001,04001,5596936
4003,04003,915315
4005,04005,5814984
4007,04007,1187594
4009,04009,1251460
4011,04011,51870
4012,04012,#VALUE!
4013,04013,476887
4015,04015,1243785
4017,04017,4323820
4019,04019,#VALUE!
4021,04021,1174475
4023,04023,214532
4025,04025,826648
4027,04027,215267
5001,05001,401849
5003,05003,111338
5005,05005,91868
5007,05007,304829
5009,05009,257143
5011,05011,19529
5013,05013,13678
5015,05015,256420
5017,05017,289487
5019,05019,90349
5021,05021,331500
5023,05023,157349
5025,05025,27163
5027,05027,45591
5029,05029,179195
5031,05031,337687
5033,05033,124860
5035,05035,338271
5037,05037,278900
5039,05039,21356
5041,05041,266942
5043,05043,129886
5045,05045,184950
5047,05047,159764
5049,05049,204547
5051,05051,35567
5053,05053,64697
5055,05055,260283
5057,05057,196488
5059,05059,68509
5061,05061,146906
5063,05063,247888
5065,05065,172408
5067,05067,307123
5069,05069,291190
5071,05071,118252
5073,05073,115295
5075,05075,252715
5077,05077,260718
5079,05079,199826
5081,05081,171691
5083,05083,197594
5085,05085,338950
5087,05087,269630
5089,05089,136774
5091,05091,163750
5093,05093,475503
5095,05095,268112
5097,05097,74367
5099,05099,66825
5101,05101,114007
5103,05103,25794
5105,05105,70247
5107,05107,352108
5109,05109,69960
5111,05111,385369
5113,05113,118566
5115,05115,153924
5117,05117,275326
5119,05119,84027
5121,05121,210386
5123,05123,299830
5125,05125,44918
5127,05127,100509
5129,05129,168815
5131,05131,118804
5133,05133,129121
5135,05135,158215
5137,05137,135058
5139,05139,42566
5141,05141,123096
5143,05143,311677
5145,05145,355737
5147,05147,274138
5149,05149,160132
6001,06001,177425
6003,06003,#VALUE!
6005,06005,155254
6007,06007,381232
6009,06009,212163
6011,06011,452920
6013,06013,127588
6015,06015,#VALUE!
6017,06017,127883
6019,06019,1719745
6021,06021,668544
6023,06023,593726
6025,06025,515891
6027,06027,332306
6029,06029,2331673
6031,06031,673148
6033,06033,150379
6035,06035,482455
6037,06037,90903
6039,06039,653756
6041,06041,170876
6043,06043,283740
6045,06045,769715
6047,06047,978442
6049,06049,523730
6051,06051,56589
6053,06053,1268143
6055,06055,253354
6057,06057,42295
6059,06059,60740
6061,06061,90952
6063,06063,174834
6065,06065,345908
6067,06067,247010
6069,06069,604340
6071,06071,77020
6073,06073,220838
6075,06075,0
6077,06077,787740
6079,06079,1339256
6081,06081,48229
6083,06083,700197
6085,06085,229731
6087,06087,100001
6089,06089,376935
6091,06091,39042
6093,06093,723313
6095,06095,407066
6097,06097,590000
6099,06099,768826
6101,06101,375142
6103,06103,617195
6105,06105,174987
6107,06107,1238103
6109,06109,88125
6111,06111,280723
6113,06113,461114
6115,06115,187683
8001,08001,690277
8003,08003,182205
8005,08005,283425
8007,08007,209967
8009,08009,1502743
8011,08011,726175
8013,08013,132954
8014,08014,11174
8015,08015,77830
8017,08017,977624
8019,08019,8347
8021,08021,257897
8023,08023,376331
8025,08025,499922
8027,08027,188615
8029,08029,250720
8031,08031,98
8033,08033,159819
8035,08035,200031
8037,08037,129369
8039,08039,1043578
8041,08041,649283
8043,08043,290427
8045,08045,311260
8047,08047,5756
8049,08049,226890
8051,08051,190720
8053,08053,10010
8055,08055,580408
8057,08057,341851
8059,08059,68476
8061,08061,1113294
8063,08063,1377393
8065,08065,12061
8067,08067,589396
8069,08069,450211
8071,08071,2141329
8073,08073,1473194
8075,08075,1099040
8077,08077,387754
8079,08079,6726
8081,08081,928916
8083,08083,690945
8085,08085,329867
8087,08087,647413
8089,08089,706790
8091,08091,81456
8093,08093,179724
8095,08095,436311
8097,08097,32305
8099,08099,1022359
8101,08101,894899
8103,08103,507109
8105,08105,185601
8107,08107,612235
8109,08109,310266
8111,08111,0
8113,08113,126820
8115,08115,336014
8117,08117,25307
8119,08119,70945
8121,08121,1216737
8123,08123,1956648
8125,08125,1352813
9001,09001,53997
9003,09003,54106
9005,09005,90723
9007,09007,24108
9009,09009,42170
9011,09011,65131
9013,09013,47798
9015,09015,58095
10001,10001,172238
10003,10003,64118
10005,10005,271997
12001,12001,188173
12003,12003,32960
12005,12005,10679
12007,12007,34993
12009,12009,146187
12011,12011,14649
12013,12013,42845
12015,12015,217524
12017,12017,40593
12019,12019,51481
12021,12021,124088
12023,12023,101575
12027,12027,302935
12029,12029,45127
12031,12031,28317
12033,12033,74417
12035,12035,43498
12037,12037,1744
12039,12039,50886
12041,12041,83927
12043,12043,442959
12045,12045,4606
12047,12047,72012
12049,12049,273892
12051,12051,497271
12053,12053,62039
12055,12055,489914
12057,12057,214837
12059,12059,105404
12061,12061,162499
12063,12063,262672
12065,12065,129380
12067,12067,91113
12069,12069,152347
12071,12071,87313
12073,12073,81092
12075,12075,167466
12077,12077,13904
12079,12079,143011
12081,12081,186436
12083,12083,321260
12085,12085,139194
12086,12086,81415
12087,12087,629
12089,12089,39437
12091,12091,61323
12093,12093,441900
12095,12095,132365
12097,12097,547227
12099,12099,513444
12101,12101,171301
12103,12103,1402
12105,12105,520915
12107,12107,70341
12109,12109,33447
12111,12111,195013
12113,12113,97809
12115,12115,80039
12117,12117,21792
12119,12119,183323
12121,12121,193455
12123,12123,37392
12125,12125,46295
12127,12127,105715
12129,12129,31049
12131,12131,148104
12133,12133,58324
13001,13001,123012
13003,13003,86861
13005,13005,63261
13007,13007,146412
13009,13009,18709
13011,13011,59713
13013,13013,29831
13015,13015,63818
13017,13017,57308
13019,13019,143462
13021,13021,14679
13023,13023,66039
13025,13025,23498
13027,13027,148322
13029,13029,15360
13031,13031,180476
13033,13033,161436
13035,13035,21044
13037,13037,107481
13039,13039,15694
13043,13043,53511
13045,13045,85913
13047,13047,20653
13049,13049,13368
13051,13051,3848
13053,13053,4139
13055,13055,50132
13057,13057,25063
13059,13059,8850
13061,13061,40014
13063,13063,816
13065,13065,26631
13067,13067,5218
13069,13069,167938
13071,13071,189388
13073,13073,13182
13075,13075,68488
13077,13077,55309
13079,13079,33895
13081,13081,117222
13083,13083,32513
13085,13085,12683
13087,13087,199121
13089,13089,2912
13091,13091,90135
13093,13093,126926
13095,13095,65410
13097,13097,8324
13099,13099,169279
13101,13101,13277
13103,13103,40357
13105,13105,57072
13107,13107,151585
13109,13109,36046
13111,13111,13874
13113,13113,11445
13115,13115,70152
13117,13117,16069
13119,13119,77322
13121,13121,14157
13123,13123,25642
13125,13125,24010
13127,13127,3490
13129,13129,84944
13131,13131,130314
13133,13133,48600
13135,13135,10468
13137,13137,37908
13139,13139,52062
13141,13141,31957
13143,13143,26727
13145,13145,32360
13147,13147,68269
13149,13149,27090
13151,13151,21411
13153,13153,47349
13155,13155,148548
13157,13157,77388
13159,13159,43826
13161,13161,78961
13163,13163,145563
13165,13165,91360
13167,13167,57014
13169,13169,22943
13171,13171,35467
13173,13173,41624
13175,13175,184447
13177,13177,105454
13179,13179,6603
13181,13181,23562
13183,13183,10250
13185,13185,65095
13187,13187,17383
13189,13189,37898
13191,13191,17113
13193,13193,101025
13195,13195,71188
13197,13197,47319
13199,13199,61911
13201,13201,95797
13205,13205,191076
13207,13207,34476
13209,13209,57793
13211,13211,94479
13213,13213,46961
13215,13215,4294
13217,13217,40988
13219,13219,45299
13221,13221,80919
13223,13223,8394
13225,13225,35295
13227,13227,16782
13229,13229,83819
13231,13231,38031
13233,13233,44886
13235,13235,62527
13237,13237,28455
13239,13239,9098
13241,13241,8054
13243,13243,119221
13245,13245,13908
13247,13247,5483
13249,13249,35464
13251,13251,180422
13253,13253,88221
13255,13255,18805
13257,13257,18459
13259,13259,59307
13261,13261,160331
13263,13263,33815
13265,13265,13825
13267,13267,107415
13269,13269,61475
13271,13271,66610
13273,13273,120651
13275,13275,173228
13277,13277,84982
13279,13279,73151
13281,13281,8420
13283,13283,35100
13285,13285,32326
13287,13287,86942
13289,13289,38767
13291,13291,20611
13293,13293,44712
13295,13295,79707
13297,13297,52666
13299,13299,56574
13301,13301,34388
13303,13303,99867
13305,13305,62436
13307,13307,48047
13309,13309,50682
13311,13311,23414
13313,13313,39038
13315,13315,115551
13317,13317,93748
13319,13319,16032
13321,13321,229378
15001,15001,685803
15003,15003,69191
15007,15007,144011
15009,15009,226730
16001,16001,144094
16003,16003,136062
16005,16005,295475
16007,16007,257904
16009,16009,146672
16011,16011,869675
16013,16013,178944
16015,16015,#VALUE!
16017,16017,80966
16019,16019,409620
16021,16021,75515
16023,16023,124528
16025,16025,167752
16027,16027,303572
16029,16029,394050
16031,16031,610820
16033,16033,151207
16035,16035,72343
16037,16037,141757
16039,16039,344399
16041,16041,262237
16043,16043,316127
16045,16045,178767
16047,16047,239905
16049,16049,640219
16051,16051,322679
16053,16053,188125
16055,16055,123558
16057,16057,416575
16059,16059,186931
16061,16061,221253
16063,16063,129937
16065,16065,201522
16067,16067,243698
16069,16069,322485
16071,16071,328416
16073,16073,750870
16075,16075,157029
16077,16077,467191
16079,16079,#VALUE!
16081,16081,133074
16083,16083,484579
16085,16085,60988
16087,16087,426790
17001,17001,388605
17003,17003,62404
17005,17005,198353
17007,17007,134751
17009,17009,137499
17011,17011,449950
17013,17013,87722
17015,17015,256356
17017,17017,182554
17019,17019,616429
17021,17021,373643
17023,17023,266676
17025,17025,270355
17027,17027,285501
17029,17029,266749
17031,17031,8467
17033,17033,214931
17035,17035,170079
17037,17037,397605
17039,17039,195402
17041,17041,262932
17043,17043,7336
17045,17045,351485
17047,17047,106761
17049,17049,287113
17051,17051,303102
17053,17053,308303
17055,17055,181351
17057,17057,355101
17059,17059,186295
17061,17061,290189
17063,17063,217004
17065,17065,223383
17067,17067,386068
17069,17069,33169
17071,17071,171674
17073,17073,479313
17075,17075,669304
17077,17077,214191
17079,17079,250660
17081,17081,213845
17083,17083,155511
17085,17085,271513
17087,17087,89804
17089,17089,168450
17091,17091,342511
17093,17093,129740
17095,17095,347547
17097,17097,30120
17099,17099,602258
17101,17101,184124
17103,17103,368800
17105,17105,656276
17107,17107,363120
17109,17109,291969
17111,17111,234339
17113,17113,692148
17115,17115,336705
17117,17117,438501
17119,17119,306919
17121,17121,266681
17123,17123,209177
17125,17125,289894
17127,17127,102174
17129,17129,157772
17131,17131,252136
17133,17133,193190
17135,17135,382355
17137,17137,309065
17139,17139,204898
17141,17141,376254
17143,17143,249865
17145,17145,180667
17147,17147,259145
17149,17149,411310
17151,17151,77884
17153,17153,82096
17155,17155,60169
17157,17157,278442
17159,17159,188938
17161,17161,149098
17163,17163,251748
17165,17165,139777
17167,17167,514034
17169,17169,182185
17171,17171,147577
17173,17173,405847
17175,17175,168146
17177,17177,352640
17179,17179,335934
17181,17181,121193
17183,17183,434091
17185,17185,106447
17187,17187,338461
17189,17189,355006
17191,17191,368671
17193,17193,310952
17195,17195,403324
17197,17197,233906
17199,17199,103531
17201,17201,183016
17203,17203,322930
18001,18001,210252
18003,18003,270921
18005,18005,171615
18007,18007,254124
18009,18009,88007
18011,18011,221673
18013,18013,14576
18015,18015,204157
18017,18017,200208
18019,18019,78505
18021,18021,162953
18023,18023,223467
18025,18025,46355
18027,18027,225122
18029,18029,56622
18031,18031,186463
18033,18033,160923
18035,18035,175160
18037,18037,174736
18039,18039,172819
18041,18041,78302
18043,18043,21496
18045,18045,214482
18047,18047,124986
18049,18049,188384
18051,18051,268005
18053,18053,183386
18055,18055,181227
18057,18057,130980
18059,18059,165882
18061,18061,134889
18063,18063,218485
18065,18065,176564
18067,18067,144203
18069,18069,188814
18071,18071,183838
18073,18073,282946
18075,18075,175675
18077,18077,95322
18079,18079,123401
18081,18081,144578
18083,18083,329268
18085,18085,254739
18087,18087,204089
18089,18089,133137
18091,18091,227831
18093,18093,134538
18095,18095,205061
18097,18097,20038
18099,18099,206412
18101,18101,62532
18103,18103,175377
18105,18105,52772
18107,18107,286784
18109,18109,137288
18111,18111,192071
18113,18113,181427
18115,18115,21448
18117,18117,98160
18119,18119,95430
18121,18121,176454
18123,18123,66207
18125,18125,80003
18127,18127,120402
18129,18129,228836
18131,18131,216477
18133,18133,197751
18135,18135,241172
18137,18137,166570
18139,18139,207653
18141,18141,152090
18143,18143,51422
18145,18145,233141
18147,18147,170387
18149,18149,133550
18151,18151,104539
18153,18153,170267
18155,18155,50558
18157,18157,219674
18159,18159,145236
18161,18161,74498
18163,18163,76572
18165,18165,118369
18167,18167,117492
18169,18169,197705
18171,18171,175981
18173,18173,99498
18175,18175,199572
18177,18177,155812
18179,18179,200239
18181,18181,288043
18183,18183,140026
19001,19001,323528
19003,19003,229266
19005,19005,289171
19007,19007,187778
19009,19009,280377
19011,19011,422195
19013,19013,296922
19015,19015,313499
19017,19017,271460
19019,19019,342063
19021,19021,360946
19023,19023,362748
19025,19025,358137
19027,19027,358973
19029,19029,289989
19031,19031,312617
19033,19033,326975
19035,19035,337467
19037,19037,299238
19039,19039,168879
19041,19041,318742
19043,19043,398091
19045,19045,417173
19047,19047,450682
19049,19049,306481
19051,19051,214053
19053,19053,231475
19055,19055,365671
19057,19057,172579
19059,19059,187276
19061,19061,291594
19063,19063,218906
19065,19065,388684
19067,19067,317841
19069,19069,355329
19071,19071,287538
19073,19073,356889
19075,19075,317975
19077,19077,327723
19079,19079,327040
19081,19081,353383
19083,19083,332295
19085,19085,393798
19087,19087,269604
19089,19089,299850
19091,19091,234904
19093,19093,260976
19095,19095,335922
19097,19097,308962
19099,19099,373506
19101,19101,198180
19103,19103,328540
19105,19105,313858
19107,19107,295427
19109,19109,599513
19111,19111,235832
19113,19113,339064
19115,19115,168422
19117,19117,177202
19119,19119,369702
19121,19121,276105
19123,19123,322971
19125,19125,264736
19127,19127,312541
19129,19129,206329
19131,19131,296342
19133,19133,338040
19135,19135,195137
19137,19137,244822
19139,19139,215013
19141,19141,304396
19143,19143,238319
19145,19145,317029
19147,19147,358705
19149,19149,541718
19151,19151,332121
19153,19153,197119
19155,19155,532914
19157,19157,334292
19159,19159,269720
19161,19161,356973
19163,19163,220468
19165,19165,372427
19167,19167,484071
19169,19169,306040
19171,19171,402843
19173,19173,278461
19175,19175,214466
19177,19177,213470
19179,19179,188766
19181,19181,263675
19183,19183,314536
19185,19185,273744
19187,19187,409021
19189,19189,235551
19191,19191,376163
19193,19193,445805
19195,19195,234824
19197,19197,359583
20001,20001,245265
20003,20003,366151
20005,20005,220485
20007,20007,590809
20009,20009,566092
20011,20011,334308
20013,20013,294843
20015,20015,767779
20017,20017,392342
20019,20019,310343
20021,20021,308355
20023,20023,546334
20025,20025,503380
20027,20027,362606
20029,20029,321846
20031,20031,329390
20033,20033,484834
20035,20035,574216
20037,20037,323092
20039,20039,462627
20041,20041,510137
20043,20043,179550
20045,20045,210636
20047,20047,394430
20049,20049,316256
20051,20051,496463
20053,20053,381174
20055,20055,815757
20057,20057,699378
20059,20059,361902
20061,20061,145742
20063,20063,578871
20065,20065,483048
20067,20067,363457
20069,20069,547177
20071,20071,497182
20073,20073,700977
20075,20075,635217
20077,20077,506145
20079,20079,339571
20081,20081,363699
20083,20083,542689
20085,20085,329264
20087,20087,243706
20089,20089,463478
20091,20091,99389
20093,20093,546561
20095,20095,542053
20097,20097,455089
20099,20099,370450
20101,20101,452257
20103,20103,184787
20105,20105,397336
20107,20107,354719
20109,20109,566540
20111,20111,534792
20113,20113,571446
20115,20115,596489
20117,20117,438419
20119,20119,617835
20121,20121,295844
20123,20123,438816
20125,20125,335664
20127,20127,388905
20129,20129,456752
20131,20131,382474
20133,20133,307955
20135,20135,678202
20137,20137,502381
20139,20139,442049
20141,20141,439826
20143,20143,419753
20145,20145,480314
20147,20147,494953
20149,20149,409494
20151,20151,464309
20153,20153,609139
20155,20155,789761
20157,20157,360866
20159,20159,457352
20161,20161,218133
20163,20163,551136
20165,20165,452937
20167,20167,435614
20169,20169,364608
20171,20171,453284
20173,20173,486457
20175,20175,401808
20177,20177,194270
20179,20179,561944
20181,20181,594775
20183,20183,500313
20185,20185,498798
20187,20187,429329
20189,20189,455674
20191,20191,719945
20193,20193,674731
20195,20195,446872
20197,20197,396545
20199,20199,487671
20201,20201,490185
20203,20203,463561
20205,20205,254817
20207,20207,294709
20209,20209,12031
21001,21001,170154
21003,21003,145668
21005,21005,80996
21007,21007,107189
21009,21009,248686
21011,21011,142209
21013,21013,8042
21015,21015,67139
21017,21017,183752
21019,21019,21793
21021,21021,101455
21023,21023,86851
21025,21025,22060
21027,21027,259915
21029,21029,46188
21031,21031,152438
21033,21033,133503
21035,21035,176187
21037,21037,42133
21039,21039,98566
21041,21041,53567
21043,21043,105880
21045,21045,179117
21047,21047,360475
21049,21049,137340
21051,21051,35141
21053,21053,74101
21055,21055,148819
21057,21057,65431
21059,21059,237324
21061,21061,84905
21063,21063,56386
21065,21065,52316
21067,21067,114907
21069,21069,183138
21071,21071,8056
21073,21073,78580
21075,21075,83427
21077,21077,27000
21079,21079,127224
21081,21081,98403
21083,21083,291677
21085,21085,201408
21087,21087,152493
21089,21089,78701
21091,21091,52243
21093,21093,203045
21095,21095,6261
21097,21097,164505
21099,21099,182414
21101,21101,175710
21103,21103,128435
21105,21105,141101
21107,21107,163030
21109,21109,77766
21111,21111,23143
21113,21113,83624
21115,21115,24310
21117,21117,38144
21119,21119,6749
21121,21121,33623
21123,21123,111981
21125,21125,96096
21127,21127,41759
21129,21129,22189
21131,21131,#VALUE!
21133,21133,2811
21135,21135,118044
21137,21137,180828
21139,21139,123247
21141,21141,275977
21143,21143,41605
21145,21145,67181
21147,21147,18028
21149,21149,124419
21151,21151,232854
21153,21153,44416
21155,21155,166401
21157,21157,94863
21159,21159,#VALUE!
21161,21161,126787
21163,21163,119433
21165,21165,40912
21167,21167,144281
21169,21169,125312
21171,21171,172223
21173,21173,99410
21175,21175,118790
21177,21177,128840
21179,21179,187847
21181,21181,102171
21183,21183,158235
21185,21185,60394
21187,21187,131904
21189,21189,27542
21191,21191,101285
21193,21193,10870
21195,21195,13595
21197,21197,30011
21199,21199,227968
21201,21201,38818
21203,21203,90760
21205,21205,42264
21207,21207,89287
21209,21209,127495
21211,21211,199229
21213,21213,101476
21215,21215,69177
21217,21217,114543
21219,21219,180957
21221,21221,129110
21223,21223,55612
21225,21225,194848
21227,21227,246796
21229,21229,140837
21231,21231,128731
21233,21233,152322
21235,21235,58284
21237,21237,42515
21239,21239,111896
22001,22001,238152
22003,22003,87761
22005,22005,50479
22007,22007,62206
22009,22009,298858
22011,22011,145918
22013,22013,56076
22015,22015,81200
22017,22017,140002
22019,22019,337853
22021,22021,62345
22023,22023,235185
22025,22025,223850
22027,22027,57008
22029,22029,240430
22031,22031,164343
22033,22033,57410
22035,22035,250941
22037,22037,112589
22039,22039,191613
22041,22041,246236
22043,22043,48150
22045,22045,107290
22047,22047,163516
22049,22049,18578
22051,22051,7757
22053,22053,265131
22055,22055,55727
22057,22057,157941
22059,22059,19590
22061,22061,55854
22063,22063,27379
22065,22065,224597
22067,22067,278799
22069,22069,201163
22071,22071,108
22073,22073,92977
22075,22075,88896
22077,22077,182274
22079,22079,210882
22081,22081,135217
22083,22083,279194
22085,22085,51584
22087,22087,31892
22089,22089,16174
22091,22091,53060
22093,22093,39883
22095,22095,10698
22097,22097,300971
22099,22099,76009
22101,22101,76087
22103,22103,34096
22105,22105,106859
22107,22107,196749
22109,22109,93023
22111,22111,62862
22113,22113,283823
22115,22115,49292
22117,22117,81415
22119,22119,52388
22121,22121,30290
22123,22123,165725
22125,22125,101160
22127,22127,24930
23001,23001,59297
23003,23003,350098
23005,23005,62575
23007,23007,48873
23009,23009,52815
23011,23011,78283
23013,23013,29444
23015,23015,31508
23017,23017,75764
23019,23019,113058
23021,23021,45631
23023,23023,20156
23025,23025,140650
23027,23027,130808
23029,23029,149251
23031,23031,64681
24001,24001,36203
24003,24003,28139
24005,24005,62041
24009,24009,32884
24011,24011,150265
24013,24013,132633
24015,24015,76680
24017,24017,46584
24019,24019,126320
24021,24021,181333
24023,24023,95554
24025,24025,65461
24027,24027,37421
24029,24029,133154
24031,24031,63739
24033,24033,29037
24035,24035,156760
24037,24037,67253
24039,24039,65276
24041,24041,119447
24043,24043,129493
24045,24045,83630
24047,24047,99200
25001,25001,4794
25003,25003,61695
25005,25005,34689
25007,25007,12682
25009,25009,22375
25011,25011,89947
25013,25013,38701
25015,25015,53989
25017,25017,28260
25019,25019,1269
25021,25021,9379
25023,25023,64090
25025,25025,37
25027,25027,101515
26001,26001,38428
26003,26003,17569
26005,26005,270416
26007,26007,69173
26009,26009,64235
26011,26011,81584
26013,26013,17825
26015,26015,165309
26017,26017,193622
26019,26019,20666
26021,26021,156245
26023,26023,244050
26025,26025,224646
26027,26027,188823
26029,26029,37569
26031,26031,45320
26033,26033,92762
26035,26035,62488
26037,26037,243966
26039,26039,2849
26041,26041,70453
26043,26043,28733
26045,26045,223078
26047,26047,39796
26049,26049,123112
26051,26051,67121
26053,26053,6348
26055,26055,54681
26057,26057,289189
26059,26059,262230
26061,26061,27125
26063,26063,452154
26065,26065,200734
26067,26067,248264
26069,26069,37954
26071,26071,23134
26073,26073,188388
26075,26075,183227
26077,26077,143562
26079,26079,25792
26081,26081,157325
26083,26083,346
26085,26085,26154
26087,26087,175632
26089,26089,59549
26091,26091,344435
26093,26093,86081
26095,26095,11508
26097,26097,22236
26099,26099,68085
26101,26101,44427
26103,26103,30102
26105,26105,78874
26107,26107,122925
26109,26109,91542
26111,26111,89540
26113,26113,99404
26115,26115,214536
26117,26117,236972
26119,26119,24490
26121,26121,74441
26123,26123,125811
26125,26125,31647
26127,26127,130633
26129,26129,68159
26131,26131,29366
26133,26133,110551
26135,26135,16653
26137,26137,32302
26139,26139,186112
26141,26141,81365
26143,26143,7316
26145,26145,309938
26147,26147,180008
26149,26149,221703
26151,26151,457105
26153,26153,19491
26155,26155,223518
26157,26157,325461
26159,26159,175043
26161,26161,170333
26163,26163,15667
26165,26165,40135
27001,27001,122420
27003,27003,44936
27005,27005,435149
27007,27007,181139
27009,27009,188666
27011,27011,248795
27013,27013,376659
27015,27015,326163
27017,27017,92610
27019,27019,155277
27021,27021,156542
27023,27023,335090
27025,27025,113653
27027,27027,610727
27029,27029,166874
27031,27031,1859
27033,27033,372703
27035,27035,99678
27037,27037,219937
27039,27039,225472
27041,27041,267337
27043,27043,390322
27045,27045,422241
27047,27047,381941
27049,27049,398163
27051,27051,302909
27053,27053,68736
27055,27055,229296
27057,27057,116737
27059,27059,142505
27061,27061,83640
27063,27063,357672
27065,27065,128853
27067,27067,414847
27069,27069,470464
27071,27071,53640
27073,27073,446527
27075,27075,4050
27077,27077,90539
27079,27079,241780
27081,27081,290962
27083,27083,412872
27085,27085,263908
27087,27087,216009
27089,27089,820219
27091,27091,428542
27093,27093,303590
27095,27095,127837
27097,27097,436355
27099,27099,449787
27101,27101,407711
27103,27103,274196
27105,27105,380771
27107,27107,532331
27109,27109,264331
27111,27111,882190
27113,27113,271886
27115,27115,203225
27117,27117,241977
27119,27119,1094972
27121,27121,333812
27123,27123,682
27125,27125,198700
27127,27127,521241
27129,27129,621518
27131,27131,236734
27133,27133,280675
27135,27135,556314
27137,27137,127950
27139,27139,141133
27141,27141,112210
27143,27143,346298
27145,27145,757133
27147,27147,237851
27149,27149,319229
27151,27151,360927
27153,27153,393710
27155,27155,348546
27157,27157,245647
27159,27159,148953
27161,27161,231664
27163,27163,80937
27165,27165,237172
27167,27167,444111
27169,27169,277281
27171,27171,288194
27173,27173,394975
28001,28001,65986
28003,28003,93449
28005,28005,121021
28007,28007,125589
28009,28009,82494
28011,28011,390500
28013,28013,175315
28015,28015,168871
28017,28017,166029
28019,28019,63430
28021,28021,82978
28023,28023,56211
28025,28025,130171
28027,28027,260969
28029,28029,115902
28031,28031,105932
28033,28033,118574
28035,28035,42652
28037,28037,50170
28039,28039,60967
28041,28041,68881
28043,28043,88338
28045,28045,25177
28047,28047,24247
28049,28049,251045
28051,28051,237777
28053,28053,193655
28055,28055,124508
28057,28057,94794
28059,28059,37470
28061,28061,96946
28063,28063,85851
28065,28065,59078
28067,28067,125845
28069,28069,123570
28071,28071,108756
28073,28073,63948
28075,28075,68902
28077,28077,72766
28079,28079,105945
28081,28081,133041
28083,28083,293167
28085,28085,108409
28087,28087,119364
28089,28089,202995
28091,28091,81575
28093,28093,203379
28095,28095,228181
28097,28097,97154
28099,28099,101438
28101,28101,109099
28103,28103,213108
28105,28105,104691
28107,28107,272742
28109,28109,118324
28111,28111,43492
28113,28113,71987
28115,28115,152587
28117,28117,93220
28119,28119,208662
28121,28121,125555
28123,28123,115023
28125,28125,155281
28127,28127,109349
28129,28129,108318
28131,28131,45618
28133,28133,372435
28135,28135,340675
28137,28137,153098
28139,28139,123939
28141,28141,49423
28143,28143,211551
28145,28145,121023
28147,28147,118141
28149,28149,124671
28151,28151,342309
28153,28153,93394
28155,28155,80551
28157,28157,103289
28159,28159,97933
28161,28161,94472
28163,28163,350505
29001,29001,273041
29003,29003,198552
29005,29005,263047
29007,29007,436385
29009,29009,267967
29011,29011,332232
29013,29013,448197
29015,29015,240614
29017,29017,200102
29019,29019,240874
29021,29021,188795
29023,29023,234298
29025,29025,244510
29027,29027,316205
29029,29029,138552
29031,29031,252889
29033,29033,431665
29035,29035,73709
29037,29037,319202
29039,29039,189793
29041,29041,406236
29043,29043,179326
29045,29045,240950
29047,29047,110709
29049,29049,191715
29051,29051,176400
29053,29053,307233
29055,29055,194361
29057,29057,245554
29059,29059,218058
29061,29061,315080
29063,29063,242971
29065,29065,187889
29067,29067,254110
29069,29069,279811
29071,29071,291715
29073,29073,208930
29075,29075,253180
29077,29077,210483
29079,29079,203922
29081,29081,400903
29083,29083,357727
29085,29085,181729
29087,29087,200179
29089,29089,243393
29091,29091,353689
29093,29093,70434
29095,29095,111031
29097,29097,246810
29099,29099,97498
29101,29101,390625
29103,29103,280954
29105,29105,320073
29107,29107,326987
29109,29109,311251
29111,29111,284116
29113,29113,281100
29115,29115,335668
29117,29117,283450
29119,29119,186444
29121,29121,386118
29123,29123,106946
29125,29125,241483
29127,29127,221468
29129,29129,226845
29131,29131,248415
29133,29133,244974
29135,29135,235070
29137,29137,355639
29139,29139,279080
29141,29141,198126
29143,29143,344654
29145,29145,247902
29147,29147,423749
29149,29149,253746
29151,29151,283391
29153,29153,228855
29155,29155,305126
29157,29157,226476
29159,29159,419594
29161,29161,157357
29163,29163,361715
29165,29165,153018
29167,29167,336371
29169,29169,112396
29171,29171,292677
29173,29173,283522
29175,29175,209458
29177,29177,273027
29179,29179,97276
29181,29181,137793
29183,29183,158174
29185,29185,240185
29186,29186,162604
29187,29187,116267
29189,29189,26316
29195,29195,461273
29197,29197,159307
29199,29199,244201
29201,29201,222829
29203,29203,123992
29205,29205,299396
29207,29207,448357
29209,29209,117902
29211,29211,323057
29213,29213,115760
29215,29215,392547
29217,29217,418353
29219,29219,136055
29221,29221,124011
29223,29223,116609
29225,29225,271915
29227,29227,125069
29229,29229,294089
30001,30001,1379906
30003,30003,3150178
30005,30005,2204865
30007,30007,476943
30009,30009,790249
30011,30011,1778735
30013,30013,1255405
30015,30015,2072074
30017,30017,2188869
30019,30019,768451
30021,30021,1258444
30023,30023,66478
30025,30025,979071
30027,30027,1960681
30029,30029,169300
30031,30031,703556
30033,30033,2190873
30035,30035,1569813
30037,30037,707284
30039,30039,285189
30041,30041,1597557
30043,30043,371137
30045,30045,1033861
30047,30047,556123
30049,30049,843290
30051,30051,897800
30053,30053,46240
30055,30055,1371406
30057,30057,1086207
30059,30059,812852
30061,30061,17172
30063,30063,247273
30065,30065,1017908
30067,30067,773036
30069,30069,689799
30071,30071,2066048
30073,30073,957584
30075,30075,1589465
30077,30077,589514
30079,30079,769106
30081,30081,234125
30083,30083,1292588
30085,30085,1240129
30087,30087,3141100
30089,30089,339198
30091,30091,1041409
30093,30093,69845
30095,30095,809541
30097,30097,856181
30099,30099,974063
30101,30101,1127560
30103,30103,617657
30105,30105,1633099
30107,30107,873061
30109,30109,544824
30111,30111,1668585
31001,31001,340667
31003,31003,475104
31005,31005,452790
31007,31007,422176
31009,31009,402533
31011,31011,434561
31013,31013,675111
31015,31015,290960
31017,31017,725387
31019,31019,580544
31021,31021,309895
31023,31023,370218
31025,31025,344944
31027,31027,466175
31029,31029,540944
31031,31031,3757270
31033,31033,702842
31035,31035,330371
31037,31037,257656
31039,31039,362942
31041,31041,1503321
31043,31043,157961
31045,31045,824024
31047,31047,630228
31049,31049,276719
31051,31051,298930
31053,31053,330168
31055,31055,86194
31057,31057,520905
31059,31059,328467
31061,31061,287815
31063,31063,452210
31065,31065,435851
31067,31067,534581
31069,31069,1026386
31071,31071,345788
31073,31073,289994
31075,31075,493305
31077,31077,338422
31079,31079,329681
31081,31081,303809
31083,31083,312775
31085,31085,385167
31087,31087,399385
31089,31089,1414243
31091,31091,436619
31093,31093,312270
31095,31095,352137
31097,31097,197592
31099,31099,293721
31101,31101,541501
31103,31103,465577
31105,31105,597606
31107,31107,627810
31109,31109,488863
31111,31111,1422759
31113,31113,330161
31115,31115,280588
31117,31117,470580
31119,31119,351896
31121,31121,235385
31123,31123,799171
31125,31125,208027
31127,31127,253421
31129,31129,349694
31131,31131,387732
31133,31133,268714
31135,31135,556854
31137,31137,331301
31139,31139,329090
31141,31141,426246
31143,31143,245193
31145,31145,419407
31147,31147,319273
31149,31149,644661
31151,31151,361860
31153,31153,91756
31155,31155,469586
31157,31157,445306
31159,31159,354742
31161,31161,1534039
31163,31163,281013
31165,31165,1224764
31167,31167,254238
31169,31169,326106
31171,31171,367742
31173,31173,247611
31175,31175,349411
31177,31177,248075
31179,31179,280064
31181,31181,302082
31183,31183,357073
31185,31185,339658
32001,32001,195645
32003,32003,15152
32005,32005,100837
32007,32007,2131728
32009,32009,34386
32011,32011,638711
32013,32013,808283
32015,32015,312717
32017,32017,#VALUE!
32019,32019,366306
32021,32021,#VALUE!
32023,32023,69818
32027,32027,297483
32029,32029,0
32031,32031,443687
32033,32033,193111
32510,32510,#VALUE!
33001,33001,23903
33003,33003,29228
33005,33005,63320
33007,33007,56278
33009,33009,82012
33011,33011,47677
33013,33013,65069
33015,33015,36035
33017,33017,30573
33019,33019,38873
34001,34001,29513
34003,34003,1490
34005,34005,96128
34007,34007,7083
34009,34009,7418
34011,34011,64345
34013,34013,161
34015,34015,43271
34017,34017,0
34019,34019,96105
34021,34021,19672
34023,34023,17217
34025,34025,38970
34027,34027,14442
34029,34029,8049
34031,34031,1428
34033,34033,101730
34035,34035,34774
34037,34037,61088
34039,34039,66
34041,34041,72098
35001,35001,350754
35003,35003,1076848
35005,35005,2485102
35006,35006,1560265
35007,35007,1962563
35009,35009,881497
35011,35011,1067503
35013,35013,660489
35015,35015,1141329
35017,35017,1064766
35019,35019,1642377
35021,35021,1033832
35023,35023,930859
35025,35025,1981410
35027,35027,1552139
35028,35028,0
35029,35029,550349
35031,35031,3024386
35033,35033,776007
35035,35035,1223058
35037,35037,1517411
35039,35039,1432877
35041,35041,1347867
35043,35043,949787
35045,35045,2581155
35047,35047,2354226
35049,35049,716799
35051,35051,1249639
35053,35053,1271851
35055,35055,312913
35057,35057,1864757
35059,35059,1967627
35061,35061,669737
36001,36001,63240
36003,36003,150195
36005,36005,#VALUE!
36007,36007,79500
36009,36009,197614
36011,36011,238568
36013,36013,236811
36015,36015,58137
36017,36017,166993
36019,36019,147444
36021,36021,95454
36023,36023,114917
36025,36025,145861
36027,36027,112534
36029,36029,142809
36031,36031,55115
36033,36033,144934
36035,36035,31709
36037,36037,187394
36039,36039,43075
36041,36041,2198
36043,36043,140022
36045,36045,290682
36047,36047,#VALUE!
36049,36049,181917
36051,36051,194886
36053,36053,187344
36055,36055,98843
36057,36057,131319
36059,36059,2732
36061,36061,#VALUE!
36063,36063,142748
36065,36065,204835
36067,36067,150446
36069,36069,192497
36071,36071,87861
36073,36073,134970
36075,36075,94403
36077,36077,180792
36079,36079,5896
36081,36081,418
36083,36083,88941
36085,36085,#VALUE!
36087,36087,555
36089,36089,356663
36091,36091,78796
36093,36093,19901
36095,36095,98297
36097,36097,69134
36099,36099,130105
36101,36101,405817
36103,36103,36169
36105,36105,53906
36107,36107,107871
36109,36109,90829
36111,36111,71232
36113,36113,9436
36115,36115,189373
36117,36117,178926
36119,36119,7715
36121,36121,225719
36123,36123,127033
37001,37001,83465
37003,37003,58736
37005,37005,90611
37007,37007,83673
37009,37009,112080
37011,37011,28177
37013,37013,149094
37015,37015,146771
37017,37017,117581
37019,37019,45652
37021,37021,71415
37023,37023,34344
37025,37025,66121
37027,37027,32013
37029,37029,49219
37031,37031,63027
37033,37033,97188
37035,37035,67559
37037,37037,111653
37039,37039,21566
37041,37041,58234
37043,37043,11695
37045,37045,116767
37047,37047,159105
37049,37049,70557
37051,37051,82270
37053,37053,35372
37055,37055,#VALUE!
37057,37057,87446
37059,37059,59574
37061,37061,230473
37063,37063,20895
37065,37065,126803
37067,37067,40451
37069,37069,116761
37071,37071,41894
37073,37073,63218
37075,37075,6914
37077,37077,101121
37079,37079,101574
37081,37081,90512
37083,37083,195929
37085,37085,119577
37087,37087,48891
37089,37089,35811
37091,37091,82951
37093,37093,58423
37095,37095,107379
37097,37097,152502
37099,37099,16347
37101,37101,194960
37103,37103,59430
37105,37105,39013
37107,37107,121578
37109,37109,55094
37111,37111,24778
37113,37113,22768
37115,37115,56400
37117,37117,125900
37119,37119,15414
37121,37121,19258
37123,37123,34918
37125,37125,82604
37127,37127,140774
37129,37129,2829
37131,37131,162795
37133,37133,57541
37135,37135,56481
37137,37137,46734
37139,37139,72311
37141,37141,55763
37143,37143,80035
37145,37145,95416
37147,37147,172016
37149,37149,24035
37151,37151,156712
37153,37153,47598
37155,37155,264933
37157,37157,112221
37159,37159,121118
37161,37161,59711
37163,37163,291730
37165,37165,69035
37167,37167,93060
37169,37169,91670
37171,37171,127419
37173,37173,#VALUE!
37175,37175,17922
37177,37177,64775
37179,37179,201769
37181,37181,54599
37183,37183,84416
37185,37185,65907
37187,37187,90924
37189,37189,55785
37191,37191,191434
37193,37193,111068
37195,37195,111272
37197,37197,100536
37199,37199,31009
38001,38001,601113
38003,38003,936457
38005,38005,801635
38007,38007,722022
38009,38009,899079
38011,38011,730230
38013,38013,595404
38015,38015,950786
38017,38017,1106953
38019,38019,940413
38021,38021,632899
38023,38023,564813
38025,38025,1030902
38027,38027,395646
38029,38029,744342
38031,38031,373747
38033,38033,562767
38035,38035,816308
38037,38037,1050175
38039,38039,445477
38041,38041,715919
38043,38043,780001
38045,38045,726068
38047,38047,571849
38049,38049,1061414
38051,38051,589518
38053,38053,1063548
38055,38055,1113045
38057,38057,503287
38059,38059,1220388
38061,38061,963750
38063,38063,560476
38065,38065,394433
38067,38067,692338
38069,38069,598362
38071,38071,698113
38073,38073,501684
38075,38075,500130
38077,38077,869267
38079,38079,534042
38081,38081,512633
38083,38083,513418
38085,38085,572780
38087,38087,674116
38089,38089,829470
38091,38091,425730
38093,38093,1302477
38095,38095,645225
38097,38097,547785
38099,38099,802221
38101,38101,1073255
38103,38103,738425
38105,38105,1063764
39001,39001,172264
39003,39003,183153
39005,39005,152940
39007,39007,165801
39009,39009,90572
39011,39011,210137
39013,39013,113067
39015,39015,206356
39017,39017,146149
39019,39019,106323
39021,39021,190016
39023,39023,174256
39025,39025,121238
39027,39027,208200
39029,39029,127662
39031,39031,169625
39033,39033,239914
39035,39035,2633
39037,39037,339912
39039,39039,225145
39041,39041,140971
39043,39043,83213
39045,39045,206607
39047,39047,196613
39049,39049,62011
39051,39051,195391
39053,39053,115849
39055,39055,66844
39057,39057,145898
39059,39059,143724
39061,39061,21563
39063,39063,230226
39065,39065,247771
39067,39067,95272
39069,39069,235894
39071,39071,264418
39073,39073,38021
39075,39075,220934
39077,39077,238119
39079,39079,71554
39081,39081,68187
39083,39083,185987
39085,39085,17168
39087,39087,64705
39089,39089,224037
39091,39091,213006
39093,39093,122610
39095,39095,63067
39097,39097,263283
39099,39099,75059
39101,39101,189152
39103,39103,94932
39105,39105,75698
39107,39107,273178
39109,39109,184228
39111,39111,111123
39113,39113,124119
39115,39115,95145
39117,39117,167652
39119,39119,173117
39121,39121,86098
39123,39123,112547
39125,39125,220943
39127,39127,107317
39129,39129,293472
39131,39131,97496
39133,39133,83288
39135,39135,224262
39137,39137,305416
39139,39139,160702
39141,39141,221863
39143,39143,181421
39145,39145,94510
39147,39147,290587
39149,39149,206391
39151,39151,135865
39153,39153,16645
39155,39155,113933
39157,39157,138001
39159,39159,242051
39161,39161,227292
39163,39163,33517
39165,39165,106593
39167,39167,138730
39169,39169,271660
39171,39171,207991
39173,39173,267810
39175,39175,220813
40001,40001,252147
40003,40003,545103
40005,40005,353372
40007,40007,1116110
40009,40009,567920
40011,40011,521699
40013,40013,441084
40015,40015,707658
40017,40017,500966
40019,40019,456735
40021,40021,235973
40023,40023,330329
40025,40025,1156658
40027,40027,133799
40029,40029,273469
40031,40031,462617
40033,40033,399635
40035,40035,462415
40037,40037,347222
40039,40039,622719
40041,40041,283449
40043,40043,624955
40045,40045,758218
40047,40047,666595
40049,40049,463014
40051,40051,583175
40053,40053,582266
40055,40055,401393
40057,40057,340710
40059,40059,617757
40061,40061,256067
40063,40063,436183
40065,40065,478765
40067,40067,475453
40069,40069,283511
40071,40071,484437
40073,40073,567349
40075,40075,593168
40077,40077,220437
40079,40079,394650
40081,40081,454065
40083,40083,367513
40085,40085,219414
40087,40087,282703
40089,40089,316237
40091,40091,235919
40093,40093,537238
40095,40095,192141
40097,40097,285222
40099,40099,208163
40101,40101,350114
40103,40103,442648
40105,40105,292213
40107,40107,319874
40109,40109,144260
40111,40111,300362
40113,40113,1216372
40115,40115,193157
40117,40117,285807
40119,40119,349695
40121,40121,523852
40123,40123,324593
40125,40125,335233
40127,40127,297481
40129,40129,719371
40131,40131,301830
40133,40133,243414
40135,40135,215018
40137,40137,480655
40139,40139,1286830
40141,40141,541357
40143,40143,106209
40145,40145,198746
40147,40147,230793
40149,40149,633038
40151,40151,808510
40153,40153,714826
41001,41001,710786
41003,41003,124017
41005,41005,162824
41007,41007,16433
41009,41009,56850
41011,41011,157304
41013,41013,821697
41015,41015,63573
41017,41017,131326
41019,41019,383516
41021,41021,723218
41023,41023,654899
41025,41025,1504760
41027,41027,25729
41029,41029,213751
41031,41031,817833
41033,41033,28316
41035,41035,650372
41037,41037,656296
41039,41039,218674
41041,41041,30118
41043,41043,330802
41045,41045,1075774
41047,41047,285600
41049,41049,1164386
41051,41051,30075
41053,41053,144628
41055,41055,513408
41057,41057,36687
41059,41059,1308810
41061,41061,411946
41063,41063,453009
41065,41065,1426396
41067,41067,135815
41069,41069,649068
41071,41071,177314
42001,42001,171291
42003,42003,35044
42005,42005,129172
42007,42007,55643
42009,42009,209910
42011,42011,233486
42013,42013,90185
42015,42015,307686
42017,42017,63825
42019,42019,136269
42021,42021,76654
42023,42023,6086
42025,42025,21240
42027,42027,161951
42029,42029,164274
42031,42031,116129
42033,42033,68864
42035,42035,52853
42037,42037,122748
42039,42039,227403
42041,42041,155009
42043,42043,129374
42045,42045,4706
42047,42047,23298
42049,42049,168766
42051,42051,112797
42053,42053,8204
42055,42055,264409
42057,42057,112293
42059,42059,112425
42061,42061,158417
42063,42063,153497
42065,42065,91444
42067,42067,90918
42069,42069,32591
42071,42071,439765
42073,42073,80458
42075,42075,121344
42077,42077,76216
42079,42079,60971
42081,42081,158049
42083,42083,36348
42085,42085,163141
42087,42087,90496
42089,42089,26471
42091,42091,30909
42093,42093,43511
42095,42095,65764
42097,42097,129266
42099,42099,135171
42101,42101,258
42103,42103,28251
42105,42105,96886
42107,42107,105645
42109,42109,91112
42111,42111,214529
42113,42113,37435
42115,42115,166544
42117,42117,205350
42119,42119,93220
42121,42121,61710
42123,42123,82614
42125,42125,205677
42127,42127,112842
42129,42129,142708
42131,42131,68654
42133,42133,262147
44001,44001,#VALUE!
44003,44003,#VALUE!
44005,44005,11538
44007,44007,#VALUE!
44009,44009,27396
45001,45001,91975
45003,45003,154237
45005,45005,124321
45007,45007,158889
45009,45009,92394
45011,45011,87741
45013,45013,42054
45015,45015,75242
45017,45017,118309
45019,45019,35231
45021,45021,64610
45023,45023,95506
45025,45025,130907
45027,45027,174021
45029,45029,187971
45031,45031,176695
45033,45033,106807
45035,45035,74468
45037,45037,81345
45039,45039,44361
45041,45041,156153
45043,45043,66128
45045,45045,72868
45047,45047,85562
45049,45049,139033
45051,45051,177813
45053,45053,68762
45055,45055,82769
45057,45057,65012
45059,45059,122434
45061,45061,142547
45063,45063,107823
45065,45065,30109
45067,45067,80159
45069,45069,113327
45071,45071,104436
45073,45073,67744
45075,45075,283152
45077,45077,45108
45079,45079,61056
45081,45081,107798
45083,45083,101871
45085,45085,175793
45087,45087,47386
45089,45089,224198
45091,45091,123735
46003,46003,442057
46005,46005,793490
46007,46007,606536
46009,46009,351722
46011,46011,449212
46013,46013,1078797
46015,46015,513619
46017,46017,296258
46019,46019,1134728
46021,46021,360147
46023,46023,692558
46025,46025,608576
46027,46027,258689
46029,46029,368765
46031,46031,1242354
46033,46033,622778
46035,46035,275376
46037,46037,570343
46039,46039,341931
46041,46041,1181823
46043,46043,269720
46045,46045,696833
46047,46047,1089015
46049,46049,615718
46051,46051,428714
46053,46053,634627
46055,46055,1133253
46057,46057,310996
46059,46059,904742
46061,46061,273918
46063,46063,1467011
46065,46065,430927
46067,46067,513564
46069,46069,514394
46071,46071,1158287
46073,46073,332716
46075,46075,612525
46077,46077,520913
46079,46079,261544
46081,46081,158730
46083,46083,365403
46085,46085,1028902
46087,46087,362713
46089,46089,572504
46091,46091,532083
46093,46093,2032584
46095,46095,698634
46097,46097,357283
46099,46099,407935
46101,46101,254291
46103,46103,1073388
46105,46105,1631349
46107,46107,537905
46109,46109,622929
46111,46111,360370
46113,46113,#N/A
46115,46115,944940
46117,46117,791317
46119,46119,628258
46121,46121,860262
46123,46123,1018557
46125,46125,384258
46127,46127,288382
46129,46129,444907
46135,46135,327890
46137,46137,1108332
47001,47001,35822
47003,47003,232500
47005,47005,87820
47007,47007,102224
47009,47009,100854
47011,47011,86477
47013,47013,33496
47015,47015,96224
47017,47017,177480
47019,47019,40187
47021,47021,52453
47023,47023,60896
47025,47025,121546
47027,47027,79779
47029,47029,60902
47031,47031,144956
47033,47033,130522
47035,47035,129013
47037,47037,34826
47039,47039,77353
47041,47041,89611
47043,47043,148615
47045,47045,211820
47047,47047,229138
47049,47049,90947
47051,47051,125269
47053,47053,286232
47055,47055,270178
47057,47057,85298
47059,47059,226171
47061,47061,32988
47063,47063,58796
47065,47065,52416
47067,47067,64456
47069,47069,153848
47071,47071,125995
47073,47073,133414
47075,47075,219384
47077,47077,162076
47079,47079,204600
47081,47081,120733
47083,47083,50377
47085,47085,123307
47087,47087,73678
47089,47089,95342
47091,47091,47369
47093,47093,65392
47095,47095,79789
47097,47097,200869
47099,47099,235792
47101,47101,30691
47103,47103,265734
47105,47105,69399
47107,47107,122223
47109,47109,130039
47111,47111,121874
47113,47113,165795
47115,47115,50693
47117,47117,161959
47119,47119,242508
47121,47121,52827
47123,47123,110656
47125,47125,147343
47127,47127,58719
47129,47129,55476
47131,47131,252812
47133,47133,123179
47135,47135,47779
47137,47137,41827
47139,47139,35603
47141,47141,95752
47143,47143,57727
47145,47145,46866
47147,47147,209114
47149,47149,176000
47151,47151,39177
47153,47153,30626
47155,47155,55363
47157,47157,82102
47159,47159,129741
47161,47161,60559
47163,47163,84931
47165,47165,167027
47167,47167,155491
47169,47169,41346
47171,47171,5359
47173,47173,45216
47175,47175,36922
47177,47177,163377
47179,47179,111790
47181,47181,133431
47183,47183,254055
47185,47185,121742
47187,47187,138705
47189,47189,188223
48001,48001,375396
48003,48003,752041
48005,48005,116923
48007,48007,39844
48009,48009,541579
48011,48011,434045
48013,48013,664991
48015,48015,369896
48017,48017,471572
48019,48019,402458
48021,48021,387669
48023,48023,543529
48025,48025,538565
48027,48027,421023
48029,48029,342805
48031,48031,364043
48033,48033,464085
48035,48035,569342
48037,48037,273006
48039,48039,632982
48041,48041,299033
48043,48043,1911523
48045,48045,524160
48047,48047,572955
48049,48049,595373
48051,48051,335316
48053,48053,485519
48055,48055,310563
48057,48057,183922
48059,48059,562935
48061,48061,309669
48063,48063,78205
48065,48065,484698
48067,48067,167303
48069,48069,548395
48071,48071,253766
48073,48073,301229
48075,48075,443916
48077,48077,632680
48079,48079,448431
48081,48081,484172
48083,48083,726072
48085,48085,312783
48087,48087,494929
48089,48089,484905
48091,48091,205184
48093,48093,517339
48095,48095,501164
48097,48097,503896
48099,48099,463307
48101,48101,564833
48103,48103,239163
48105,48105,1546946
48107,48107,558267
48109,48109,1617573
48111,48111,851373
48113,48113,83722
48115,48115,558333
48117,48117,923478
48119,48119,131166
48121,48121,383468
48123,48123,536368
48125,48125,572486
48127,48127,676986
48129,48129,584902
48131,48131,959581
48133,48133,503417
48135,48135,428610
48137,48137,969137
48139,48139,473667
48141,48141,209446
48143,48143,607223
48145,48145,382610
48147,48147,513690
48149,48149,491804
48151,48151,494777
48153,48153,582268
48155,48155,368315
48157,48157,339109
48159,48159,113028
48161,48161,421310
48163,48163,713107
48165,48165,774979
48167,48167,89736
48169,48169,455712
48171,48171,652187
48173,48173,433832
48175,48175,495120
48177,48177,609632
48179,48179,514989
48181,48181,431038
48183,48183,48113
48185,48185,417296
48187,48187,383279
48189,48189,640423
48191,48191,508891
48193,48193,445642
48195,48195,566897
48197,48197,354564
48199,48199,68397
48201,48201,236780
48203,48203,199857
48205,48205,902900
48207,48207,567023
48209,48209,245160
48211,48211,575962
48213,48213,345591
48215,48215,795251
48217,48217,503827
48219,48219,483700
48221,48221,224275
48223,48223,422753
48225,48225,467978
48227,48227,498678
48229,48229,2249428
48231,48231,454456
48233,48233,520809
48235,48235,495992
48237,48237,528040
48239,48239,441661
48241,48241,88309
48243,48243,1255106
48245,48245,353914
48247,48247,644982
48249,48249,503874
48251,48251,429081
48253,48253,562778
48255,48255,464524
48257,48257,449174
48259,48259,370126
48261,48261,916608
48263,48263,563164
48265,48265,582556
48267,48267,694146
48269,48269,417398
48271,48271,577098
48273,48273,483942
48275,48275,450763
48277,48277,496409
48279,48279,616537
48281,48281,444813
48283,48283,634644
48285,48285,546760
48287,48287,318042
48289,48289,594099
48291,48291,286922
48293,48293,486682
48295,48295,591223
48297,48297,540973
48299,48299,527851
48301,48301,379209
48303,48303,502684
48305,48305,472047
48307,48307,614468
48309,48309,553567
48311,48311,517195
48313,48313,291421
48315,48315,40222
48317,48317,453818
48319,48319,551041
48321,48321,564458
48323,48323,541268
48325,48325,833809
48327,48327,536308
48329,48329,404466
48331,48331,527819
48333,48333,471195
48335,48335,573184
48337,48337,488539
48339,48339,155472
48341,48341,523404
48343,48343,91926
48345,48345,595322
48347,48347,264733
48349,48349,558286
48351,48351,58560
48353,48353,465191
48355,48355,523644
48357,48357,544443
48359,48359,830689
48361,48361,52764
48363,48363,593593
48365,48365,230035
48367,48367,494385
48369,48369,553577
48371,48371,2948239
48373,48373,139361
48375,48375,568587
48377,48377,1655598
48379,48379,116892
48381,48381,571368
48383,48383,698794
48385,48385,320382
48387,48387,451622
48389,48389,1236296
48391,48391,474865
48393,48393,562418
48395,48395,467367
48397,48397,45392
48399,48399,665878
48401,48401,274402
48403,48403,28934
48405,48405,73018
48407,48407,111845
48409,48409,374122
48411,48411,671378
48413,48413,833777
48415,48415,494300
48417,48417,504978
48419,48419,197051
48421,48421,583063
48423,48423,302550
48425,48425,91412
48427,48427,668540
48429,48429,516510
48431,48431,585097
48433,48433,472670
48435,48435,910977
48437,48437,545774
48439,48439,145375
48441,48441,578921
48443,48443,1100155
48445,48445,442002
48447,48447,508109
48449,48449,146570
48451,48451,956547
48453,48453,253298
48455,48455,111451
48457,48457,90526
48459,48459,202208
48461,48461,686401
48463,48463,977352
48465,48465,1497403
48467,48467,370455
48469,48469,437524
48471,48471,280550
48473,48473,315065
48475,48475,391463
48477,48477,368754
48479,48479,2097560
48481,48481,660379
48483,48483,519156
48485,48485,366824
48487,48487,587180
48489,48489,336020
48491,48491,558273
48493,48493,439803
48495,48495,533469
48497,48497,486779
48499,48499,227123
48501,48501,488274
48503,48503,523807
48505,48505,562944
48507,48507,692503
49001,49001,190101
49003,49003,1169339
49005,49005,268357
49007,49007,240456
49009,49009,#VALUE!
49011,49011,55118
49013,49013,1087075
49015,49015,157072
49017,49017,92739
49019,49019,#VALUE!
49021,49021,531633
49023,49023,243115
49025,49025,125125
49027,49027,579125
49029,49029,228852
49031,49031,37861
49033,49033,409563
49035,49035,77886
49037,49037,1606482
49039,49039,283898
49041,49041,122268
49043,49043,269363
49045,49045,346542
49047,49047,#VALUE!
49049,49049,343655
49051,49051,149152
49053,49053,147558
49055,49055,42527
49057,49057,117281
50001,50001,208441
50003,50003,41472
50005,50005,81828
50007,50007,73490
50009,50009,25482
50011,50011,186196
50013,50013,19006
50015,50015,51981
50017,50017,105087
50019,50019,130505
50021,50021,108305
50023,50023,67275
50025,50025,50775
50027,50027,101146
51001,51001,77356
51003,51003,166457
51005,51005,36573
51007,51007,88220
51009,51009,98887
51011,51011,96469
51013,51013,33
51015,51015,251246
51017,51017,41320
51019,51019,206742
51021,51021,77364
51023,51023,89375
51025,51025,89872
51027,51027,9655
51029,51029,83836
51031,51031,137188
51033,51033,56390
51035,51035,140366
51036,51036,31123
51037,51037,149355
51041,51041,19510
51043,51043,66882
51045,51045,46406
51047,51047,126435
51049,51049,57119
51051,51051,15015
51053,51053,89328
51057,51057,56770
51059,51059,7506
51061,51061,228505
51063,51063,144810
51065,51065,47225
51067,51067,164398
51069,51069,98328
51071,51071,65843
51073,51073,20352
51075,51075,49930
51077,51077,129496
51079,51079,27239
51081,51081,56872
51083,51083,211432
51085,51085,94027
51087,51087,10318
51089,51089,41844
51091,51091,92995
51093,51093,75548
51095,51095,5196
51097,51097,41953
51099,51099,24249
51101,51101,53472
51103,51103,10664
51105,51105,117308
51107,51107,134663
51109,51109,80333
51111,51111,82607
51113,51113,106911
51115,51115,4620
51117,51117,145309
51119,51119,19182
51121,51121,104479
51125,51125,79839
51127,51127,19760
51131,51131,56090
51133,51133,43241
51135,51135,61570
51137,51137,104790
51139,51139,70829
51141,51141,79127
51143,51143,275349
51145,51145,32140
51147,51147,78839
51149,51149,32591
51153,51153,34382
51155,51155,96617
51157,51157,62736
51159,51159,32356
51161,51161,25655
51163,51163,165691
51165,51165,217522
51167,51167,187584
51169,51169,158433
51171,51171,133297
51173,51173,166675
51175,51175,151845
51177,51177,41109
51179,51179,15334
51181,51181,45167
51183,51183,64317
51185,51185,150076
51187,51187,48192
51191,51191,187830
51193,51193,59305
51195,51195,25561
51197,51197,174125
51199,51199,1206
51550,51550,40730
51800,51800,68974
51810,51810,21144
53001,53001,1037330
53003,53003,262981
53005,53005,702847
53007,53007,76651
53009,53009,23368
53011,53011,74813
53013,53013,297403
53015,53015,38684
53017,53017,813865
53019,53019,792460
53021,53021,624572
53023,53023,308445
53025,53025,963756
53027,53027,119249
53029,53029,15204
53031,53031,15008
53033,53033,46027
53035,53035,10115
53037,53037,182313
53039,53039,551009
53041,53041,132248
53043,53043,1114971
53045,53045,23946
53047,53047,1203213
53049,53049,51937
53051,53051,43912
53053,53053,49110
53055,53055,15694
53057,53057,106300
53059,53059,6368
53061,53061,70775
53063,53063,537352
53065,53065,526396
53067,53067,76755
53069,53069,9591
53071,53071,645379
53073,53073,116018
53075,53075,1275510
53077,53077,1781022
54001,54001,84692
54003,54003,70087
54005,54005,2247
54007,54007,88922
54009,54009,14729
54011,54011,42445
54013,54013,49505
54015,54015,20133
54017,54017,65274
54019,54019,23288
54021,54021,70408
54023,54023,112431
54025,54025,189900
54027,54027,142219
54029,54029,8882
54031,54031,155409
54033,54033,117148
54035,54035,104610
54037,54037,66956
54039,54039,25967
54041,54041,82456
54043,54043,25733
54045,54045,871
54047,54047,1024
54049,54049,53351
54051,54051,86009
54053,54053,138666
54055,54055,51750
54057,54057,76170
54059,54059,1896
54061,54061,58072
54063,54063,144625
54065,54065,18326
54067,54067,57956
54069,54069,30073
54071,54071,170169
54073,54073,21486
54075,54075,118551
54077,54077,160697
54079,54079,59954
54081,54081,36806
54083,54083,93822
54085,54085,88807
54087,54087,110794
54089,54089,57924
54091,54091,49095
54093,54093,34053
54095,54095,48224
54097,54097,68544
54099,54099,30116
54101,54101,7793
54103,54103,38041
54105,54105,37946
54107,54107,87901
54109,54109,2877
55001,55001,118174
55003,55003,45478
55005,55005,309754
55007,55007,71884
55009,55009,181164
55011,55011,305191
55013,55013,83602
55015,55015,142366
55017,55017,384627
55019,55019,458328
55021,55021,308178
55023,55023,216577
55025,55025,503846
55027,55027,401828
55029,55029,132019
55031,55031,70945
55033,55033,372162
55035,55035,203727
55037,55037,13433
55039,55039,315452
55041,55041,30508
55043,55043,587194
55045,55045,302394
55047,55047,154479
55049,55049,350963
55051,55051,10190
55053,55053,240219
55055,55055,227922
55057,55057,180162
55059,55059,76566
55061,55061,176634
55063,55063,158733
55065,55065,368596
55067,55067,113672
55069,55069,77054
55071,55071,230815
55073,55073,478571
55075,55075,131660
55077,55077,120161
55078,55078,458
55079,55079,4482
55081,55081,337874
55083,55083,188963
55085,55085,34933
55087,55087,250543
55089,55089,65017
55091,55091,103642
55093,55093,246044
55095,55095,255644
55097,55097,278815
55099,55099,92293
55101,55101,110048
55103,55103,227707
55105,55105,353900
55107,55107,133306
55109,55109,267724
55111,55111,332614
55113,55113,43453
55115,55115,261250
55117,55117,190214
55119,55119,217159
55121,55121,323225
55123,55123,346007
55125,55125,7136
55127,55127,187637
55129,55129,87236
55131,55131,133397
55133,55133,92171
55135,55135,215335
55137,55137,145064
55139,55139,155434
55141,55141,222809
56001,56001,1964137
56003,56003,303111
56005,56005,2876620
56007,56007,2375657
56009,56009,2448121
56011,56011,1587546
56013,56013,1710319
56015,56015,1370264
56017,56017,516896
56019,56019,2036531
56021,56021,1676008
56023,56023,344284
56025,56025,1691883
56027,56027,1357970
56029,56029,812796
56031,56031,1224501
56033,56033,1304879
56035,56035,778709
56037,56037,1668314
56039,56039,40928
56041,56041,650196
56043,56043,340993
56045,56045,1290701
